Pole Number,Item No,Item Type,Rate Reference,Mat Pack No,Total Materials,Ordered Qty
MS 01 WS 01 HV Pole - 6124,1,Boq,KDHVMR.17,14903,34.32,1
MS 01 WS 01 HV Pole - 6124,2,Boq,KDHVMR.22,14907,10.50,1
MS 01 WS 01 HV Pole - 6124,3,Boq,KDHVMR.23,14908,2.15,1
MS 01 WS 01 HV Pole - 6124,4,Boq,KDHVMR.26,14911,30.50,1
MS 01 WS 01 HV Pole - 6124,5,Boq,KDHVMR.28,14913,0.01,1
MS 01 WS 02 HV Pole - 6127,6,Boq,KDHVMR.28a,0,0.00,1
MS 01 WS 02 HV Pole - 6127,7,Boq,KDHVR.1,0,0.00,1
MS 01 WS 02 HV Pole - 6127,8,Boq,KDHVR.85,15248,225.82,1
MS 01 WS 03 HV Pole - 654,9,Boq,KDHVMR.17,14903,34.32,1
MS 01 WS 03 HV Pole - 654,10,Boq,KDHVMR.20,14905,5.28,2
MS 01 WS 03 HV Pole - 654,11,Boq,KDHVMR.21,14906,3.59,1
MS 01 WS 03 HV Pole - 654,12,Boq,KDHVMR.26,14911,30.50,1
MS 01 WS 03 HV Pole - 654,13,Boq,KDHVMR.28a,0,0.00,1
MS 01 WS 03 HV Pole - 654,14,Boq,KDHVMR.29.3,14919,13.61,1
MS 01 WS 03 HV Pole - 654,15,Boq,KDHVMR.29.4,14926,12.58,1
MS 01 WS 03 HV Pole - 654,16,Boq,KDHVMR.31,14929,5.84,1
MS 01 WS 03 HV Pole - 654,17,Boq,KDHVMR.33,14932,28.84,1
MS 01 WS 04 HV Pole - 655,18,Boq,KDHVMR.28a,0,0.00,1
MS 01 WS 05 HV Pole - 656,19,Boq,KDHVMR.21,14906,3.59,1
MS 01 WS 05 HV Pole - 656,20,Boq,KDHVMR.28,14913,0.02,2
MS 01 WS 05 HV Pole - 656,21,Boq,KDHVMR.29.2,14914,0.02,1
MS 01 WS 05 HV Pole - 656,22,Boq,KDHVMR.29.4,14927,15.78,2
MS 01 WS 05 HV Pole - 656,23,Boq,KDHVMR.33,14932,57.68,2
MS 01 WS 05 HV Pole - 656,24,Boq,KDHVP.25a,0,0.00,1
MS 01 WS 05 HV Pole - 656,25,Boq,ADMAT,0,1055.00,1
MS 01 WS 06 HV Pole - 657,26,Boq,KDHVMR.26,14911,30.50,1
MS 01 WS 06 HV Pole - 657,27,Boq,KDHVN.23a,15049,246.86,1
MS 01 WS 06 HV Pole - 657,28,Boq,KDHVN.23a,0,305.65,1
MS 01 WS 06 HV Pole - 657,29,Boq,KDHVP.25,0,0.00,1
MS 02 WS 01 HV Pole - 2540A,30,Boq,KDHVMR.17,14903,34.32,1
MS 02 WS 01 HV Pole - 2540A,31,Boq,KDHVMR.26,14911,30.50,1
MS 02 WS 01 HV Pole - 2540A,32,Boq,KDHVMR.29.3,14919,13.61,1
MS 02 WS 01 HV Pole - 2540A,33,Boq,KDHVMR.29.4,14926,25.16,2
MS 02 WS 02 HV Pole - 2545,34,Boq,KDHVN.3a,15110,150.82,1
MS 02 WS 02 HV Pole - 2545,35,Boq,KDHVN.3a,0,361.92,1
MS 02 WS 02 HV Pole - 2545,36,Boq,KDHVR.70,15243,40.76,1
MS 02 WS 03 HV Pole - 2548,37,Boq,KDHVMR.30,14928,80.13,1
MS 02 WS 03 HV Pole - 2548,38,Boq,KDHVN.3a,15110,150.82,1
MS 02 WS 03 HV Pole - 2548,39,Boq,KDHVN.3a,0,305.65,1
MS 02 WS 03 HV Pole - 2548,40,Boq,KDHVN.91,15147,101.40,1
MS 02 WS 03 HV Pole - 2548,41,Boq,KDHVR.70,15243,40.76,1
MS 02 WS 03 HV Pole - 2548,42,Boq,KDHVRP.14,15256,39.30,1
MS 02 WS 03 HV Pole - 2548,43,Boq,KDHVP.7,0,0.00,1
MS 02 WS 04 HV Pole - 2549,44,Boq,KDHVMR.20,14905,5.28,2
MS 02 WS 04 HV Pole - 2549,45,Boq,KDHVMR.26,14911,30.50,1
MS 02 WS 04 HV Pole - 2549,46,Boq,KDHVMR.30,14928,80.13,1
MS 02 WS 05 HV Pole - 2550,47,Boq,KDHVMR.26,14911,30.50,1
MS 02 WS 05 HV Pole - 2550,48,Boq,KDHVMR.28,14913,0.01,1
MS 02 WS 05 HV Pole - 2550,49,Boq,KDHVMR.30,14928,80.13,1
MS 02 WS 05 HV Pole - 2550,50,Boq,KDHVN.91,15147,101.40,1
MS 02 WS 06 HV Pole - 2551,51,Boq,KDHVMR.20,14905,5.28,2
MS 02 WS 06 HV Pole - 2551,52,Boq,KDHVMR.28a,0,0.00,1
MS 02 WS 07 HV Pole - 2552,53,Boq,KDHVMR.17,14903,34.32,1
MS 02 WS 07 HV Pole - 2552,54,Boq,KDHVMR.20,14905,5.28,2
MS 02 WS 07 HV Pole - 2552,55,Boq,KDHVMR.21,14906,3.59,1
MS 02 WS 07 HV Pole - 2552,56,Boq,KDHVMR.22,14907,10.50,1
MS 02 WS 07 HV Pole - 2552,57,Boq,KDHVMR.23,14908,2.15,1
MS 02 WS 07 HV Pole - 2552,58,Boq,KDHVMR.26,14911,30.50,1
MS 02 WS 07 HV Pole - 2552,59,Boq,KDHVMR.28a,0,0.00,1
MS 02 WS 07 HV Pole - 2552,60,Boq,KDHVMR.29.3,14919,13.61,1
MS 02 WS 07 HV Pole - 2552,61,Boq,KDHVMR.29.4,14926,12.58,1
MS 02 WS 07 HV Pole - 2552,62,Boq,KDHVMR.33,14932,28.84,1
MS 02 WS 07 HV Pole - 2552,63,Boq,KDHVR.1,0,0.00,1
MS 02 WS 08 HV Pole - 2581,64,Boq,KDHVMR.28,14913,0.01,1
MS 02 WS 09 HV Pole - 2582,65,Boq,KDHVMR.30,14928,160.26,2
MS 02 WS 09 HV Pole - 2582,66,Boq,KDHVN.23a,15049,246.86,1
MS 02 WS 09 HV Pole - 2582,67,Boq,KDHVN.23a,0,305.65,1
MS 02 WS 09 HV Pole - 2582,68,Boq,KDHVP.2,15174,959.42,1
MS 02 WS 09 HV Pole - 2582,69,Boq,KDHVRP.14,15256,39.30,1
MS 02 WS 09 HV Pole - 2582,70,Boq,KDLVR.22a,15326,267.20,1
MS 02 WS 09 HV Pole - 2582,71,Boq,KDHVP.7,0,0.00,1
MS 02 WS 10 HV Pole - 2586,72,Boq,KDHVMR.28,14913,0.02,2
MS 02 WS 10 HV Pole - 2586,73,Boq,KDHVMR.32,14931,20.10,1
MS 02 WS 10 HV Pole - 2586,74,Boq,KDHVMR.50,14962,7.70,7
MS 02 WS 11 HV Pole - 2587,75,Boq,KDHVN.25,15054,381.90,1
MS 02 WS 11 HV Pole - 2587,76,Boq,KDHVN.25,0,361.92,1
MS 02 WS 12 HV Pole - 2588,77,Boq,KDHVN.23a,15049,246.86,1
MS 02 WS 12 HV Pole - 2588,78,Boq,KDHVN.23a,0,305.65,1
MS 02 WS 13 HV Pole - 2591,79,Boq,KDHVMR.21,14906,3.59,1
MS 02 WS 13 HV Pole - 2591,80,Boq,KDHVMR.26,14911,30.50,1
MS 02 WS 13 HV Pole - 2591,81,Boq,KDHVMR.28a,0,0.00,2
MS 02 WS 13 HV Pole - 2591,82,Boq,KDHVMR.50,14962,3.30,3
MS 02 WS 13 HV Pole - 2591,83,Boq,KDHVR.85,15248,225.82,1
MS 02 WS 14 HV Pole - 2670,84,Boq,KDHVN.1,14977,96.72,1
MS 02 WS 14 HV Pole - 2670,85,Boq,KDHVN.1,0,163.08,1
MS 02 WS 14 HV Pole - 2670,86,Boq,KDHVN.91,15147,101.40,1
MS 02 WS 15 HV Pole - 2671,87,Boq,KDHVMR.20,14905,5.28,2
MS 02 WS 15 HV Pole - 2671,88,Boq,KDHVMR.21,14906,3.59,1
MS 02 WS 15 HV Pole - 2671,89,Boq,KDHVMR.22,0,0.00,1
MS 02 WS 15 HV Pole - 2671,90,Boq,KDHVMR.26,14911,30.50,1
MS 02 WS 15 HV Pole - 2671,91,Boq,KDHVMR.28,14913,0.01,1
MS 02 WS 16 HV Pole - 2673,92,Boq,KDHVN.1,14977,96.72,1
MS 02 WS 16 HV Pole - 2673,93,Boq,KDHVN.1,0,163.08,1
MS 02 WS 17 HV Pole - 2677,94,Boq,KDHVN.3a,15110,150.82,1
MS 02 WS 17 HV Pole - 2677,95,Boq,KDHVN.3a,0,231.81,1
MS 02 WS 18 HV Pole - 2680,96,Boq,KDGDO.32,0,0.00,1
MS 02 WS 18 HV Pole - 2680,97,Boq,KDHVMR.50,14962,2.20,2
MS 02 WS 18 HV Pole - 2680,98,Boq,KDHVR.70,15243,40.76,1
MS 02 WS 19 HV Pole - 2684,99,Boq,KDHVMR.26,14911,30.50,1
MS 02 WS 19 HV Pole - 2684,100,Boq,KDHVMR.28a,0,0.00,2
MS 02 WS 20 HV Pole - 2868,101,Boq,KDGDO.32,0,0.00,1
MS 02 WS 20 HV Pole - 2868,102,Boq,KDHVMR.50,14962,2.20,2
MS 02 WS 20 HV Pole - 2868,103,Boq,KDHVR.70,15243,40.76,1
MS 02 WS 21 HV Pole - 2869,104,Boq,KDHVMR.26,14911,30.50,1
MS 02 WS 21 HV Pole - 2869,105,Boq,KDHVMR.28,14913,0.01,1
MS 02 WS 22 HV Pole - 2872,106,Boq,KDHVMR.26,14911,30.50,1
MS 02 WS 22 HV Pole - 2872,107,Boq,KDHVR.70,15243,40.76,1
MS 02 WS 23 HV Pole - 2873,108,Boq,KDHVMR.20,14905,2.64,1
MS 02 WS 24 HV Pole - 2875,109,Boq,KDHVMR.20,14905,5.28,2
MS 02 WS 24 HV Pole - 2875,110,Boq,KDHVMR.21,14906,3.59,1
MS 02 WS 24 HV Pole - 2875,111,Boq,KDHVMR.24,14909,0.04,1
MS 02 WS 24 HV Pole - 2875,112,Boq,KDHVMR.26,14911,30.50,1
MS 02 WS 24 HV Pole - 2875,113,Boq,KDHVMR.28a,0,0.00,1
MS 02 WS 25 HV Pole - 2876,114,Boq,KDHVMR.17,14903,34.32,1
MS 02 WS 25 HV Pole - 2876,115,Boq,KDHVMR.20,14905,5.28,2
MS 02 WS 25 HV Pole - 2876,116,Boq,KDHVMR.21,14906,3.59,1
MS 02 WS 25 HV Pole - 2876,117,Boq,KDHVMR.22,0,0.00,1
MS 02 WS 25 HV Pole - 2876,118,Boq,KDHVMR.26,14911,30.50,1
MS 02 WS 25 HV Pole - 2876,119,Boq,KDHVMR.28,14913,0.02,2
MS 02 WS 25 HV Pole - 2876,120,Boq,KDHVMR.29.3,14919,13.61,1
MS 02 WS 25 HV Pole - 2876,121,Boq,KDHVMR.30,14928,80.13,1
MS 02 WS 25 HV Pole - 2876,122,Boq,KDHVRP.14,15256,39.30,1
MS 02 WS 26 HV Pole - 553,123,Boq,KDHVMR.17,14903,34.32,1
MS 02 WS 26 HV Pole - 553,124,Boq,KDHVMR.20,14905,5.28,2
MS 02 WS 26 HV Pole - 553,125,Boq,KDHVMR.21,14906,3.59,1
MS 02 WS 26 HV Pole - 553,126,Boq,KDHVMR.22,0,0.00,1
MS 02 WS 26 HV Pole - 553,127,Boq,KDHVMR.24,14909,0.04,1
MS 02 WS 26 HV Pole - 553,128,Boq,KDHVMR.26,14911,30.50,1
MS 02 WS 26 HV Pole - 553,129,Boq,KDHVMR.29.3,14920,17.16,1
MS 02 WS 26 HV Pole - 553,130,Boq,KDHVMR.29.4,14924,28.84,2
MS 02 WS 26 HV Pole - 553,131,Boq,KDHVMR.31,14929,11.68,2
MS 02 WS 26 HV Pole - 553,132,Boq,KDHVMR.33,14932,57.68,2
MS 02 WS 27 HV Pole - 6325,133,Boq,KDHVMR.17,14903,34.32,1
MS 02 WS 27 HV Pole - 6325,134,Boq,KDHVMR.20,14905,5.28,2
MS 02 WS 27 HV Pole - 6325,135,Boq,KDHVMR.21,14906,3.59,1
MS 02 WS 27 HV Pole - 6325,136,Boq,KDHVMR.22,0,0.00,1
MS 02 WS 27 HV Pole - 6325,137,Boq,KDHVMR.27,14912,61.00,1
MS 02 WS 27 HV Pole - 6325,138,Boq,KDHVMR.28a,0,0.00,1
MS 02 WS 27 HV Pole - 6325,139,Boq,KDHVMR.29.3,14920,17.16,1
MS 02 WS 27 HV Pole - 6325,140,Boq,KDHVMR.29.4,14924,28.84,2
MS 02 WS 27 HV Pole - 6325,141,Boq,KDHVMR.30,14928,160.26,2
MS 02 WS 27 HV Pole - 6325,142,Boq,KDHVMR.50,14962,2.20,2
MS 02 WS 27 HV Pole - 6325,143,Boq,KDHVRP.15,15258,108.05,1
MS 02 WS 28 HV Pole - 6326,144,Boq,KDGDO.32,0,0.00,1
MS 02 WS 28 HV Pole - 6326,145,Boq,KDHVMR.21,14906,3.59,1
MS 02 WS 28 HV Pole - 6326,146,Boq,KDHVR.70,15243,40.76,1
MS 02 WS 29 HV Pole - 6503,147,Boq,KDHVMR.26,14911,30.50,1
MS 02 WS 29 HV Pole - 6503,148,Boq,KDHVMR.28a,0,0.00,1
MS 02 WS 29 HV Pole - 6503,149,Boq,KDHVR.1,0,0.00,1
MS 02 WS 29 HV Pole - 6503,150,Boq,KDHVR.84,15247,223.57,1
MS 02 WS 29 HV Pole - 6503,151,Boq,KDHVMR.22,14907,10.50,1
MS 02 WS 29 HV Pole - 6503,152,Boq,KDHVMR.23,14908,2.15,1
MS 02 WS 30 HV Pole - 6504,153,Boq,KDHVMR.20,14905,5.28,2
MS 02 WS 31 HV Pole - 6505,154,Boq,KDHVMR.21,14906,3.59,1
MS 02 WS 31 HV Pole - 6505,155,Boq,KDHVMR.26,14911,30.50,1
MS 02 WS 31 HV Pole - 6505,156,Boq,KDHVN.91,15148,128.55,1
MS 02 WS 32 HV Pole - 6507,157,Boq,KDHVMR.20,14905,5.28,2
MS 02 WS 33 HV Pole - 6509,158,Boq,KDHVMR.26,14911,30.50,1
MS 02 WS 33 HV Pole - 6509,159,Boq,KDHVMR.30,14928,160.26,2
MS 02 WS 33 HV Pole - 6509,160,Boq,KDHVN.5,0,0.00,1
MS 02 WS 33 HV Pole - 6509,161,Boq,KDHVN.5,0,305.65,1
MS 02 WS 33 HV Pole - 6509,162,Boq,KDHVN.91,15148,257.11,2
MS 02 WS 33 HV Pole - 6509,163,Boq,KDHVR.98,15254,182.59,1
MS 02 WS 33 HV Pole - 6509,164,Boq,KDHVRP.14,15256,39.30,1
MS 02 WS 33 HV Pole - 6509,165,Boq,KDUGB.19a,0,0.00,1
MS 02 WS 33 HV Pole - 6509,166,Boq,KDUGC.9,0,0.00,3
MS 02 WS 33 HV Pole - 6509,167,Boq,KDUGJ.21,15561,61.50,1
MS 02 WS 33 HV Pole - 6509,168,Boq,KDUGJ.70,15792,115.66,1
MS 02 WS 33 HV Pole - 6509,169,Boq,KDHVP.7,0,0.00,1
MS 02 WS 34 HV Pole - 658,170,Boq,KDHVMR.27,14912,61.00,1
MS 02 WS 34 HV Pole - 658,171,Boq,KDHVMR.30,14928,160.26,2
MS 02 WS 34 HV Pole - 658,172,Boq,KDHVMR.22,14907,10.50,1
MS 02 WS 34 HV Pole - 658,173,Boq,KDHVMR.23,14908,2.15,1
MS 02 WS 35 HV Pole - 659,174,Boq,KDHVMR.26,14911,30.50,1
MS 02 WS 35 HV Pole - 659,175,Boq,KDHVN.91,15148,257.11,2
MS 02 WS 35 HV Pole - 659,176,Boq,KDHVR.85,15248,225.82,1
MS 02 WS 36 HV Pole - 6653,177,Boq,KDHVMR.20,14905,5.28,2
MS 02 WS 37 HV Pole - 6716,178,Boq,KDHVMR.21,14906,3.59,1
MS 02 WS 37 HV Pole - 6716,179,Boq,KDHVMR.24,14909,0.04,1
MS 02 WS 37 HV Pole - 6716,180,Boq,KDHVMR.26,14911,30.50,1
MS 03 WS 01 HV Pole - 2524,181,Boq,KDHVN.3a,15110,150.82,1
MS 03 WS 01 HV Pole - 2524,182,Boq,KDHVN.3a,0,163.08,1
MS 03 WS 01 HV Pole - 2524,183,Boq,KDHVP.1,15163,679.25,1
MS 03 WS 02 HV Pole - 2534,184,Boq,KDHVMR.24,14909,0.04,1
MS 03 WS 02 HV Pole - 2534,185,Boq,KDHVMR.26,14911,30.50,1
MS 03 WS 02 HV Pole - 2534,186,Boq,KDHVN.1,14977,96.72,1
MS 03 WS 02 HV Pole - 2534,187,Boq,KDHVN.1,0,163.08,1
MS 03 WS 03 HV Pole - 2535,188,Boq,KDHVMR.26,14911,30.50,1
MS 03 WS 03 HV Pole - 2535,189,Boq,KDHVMR.29.3,14919,13.61,1
MS 03 WS 03 HV Pole - 2535,190,Boq,KDHVMR.29.4,14926,25.16,2
MS 03 WS 03 HV Pole - 2535,191,Boq,KDHVMR.30,14928,160.26,2
MS 03 WS 03 HV Pole - 2535,192,Boq,KDHVN.5a,15121,118.48,1
MS 03 WS 03 HV Pole - 2535,193,Boq,KDHVN.5a,0,305.65,1
MS 03 WS 03 HV Pole - 2535,194,Boq,KDHVR.70,15243,40.76,1
MS 03 WS 03 HV Pole - 2535,195,Boq,KDHVR.98,15255,274.28,1
MS 03 WS 03 HV Pole - 2535,196,Boq,KDHVRP.15,15258,108.05,1
MS 03 WS 03 HV Pole - 2535,197,Boq,KDUGB.19a,0,0.00,1
MS 03 WS 03 HV Pole - 2535,198,Boq,KDUGC.9,0,0.00,3
MS 03 WS 03 HV Pole - 2535,199,Boq,KDUGJ.21,15564,75.02,1
MS 03 WS 03 HV Pole - 2535,200,Boq,KDUGJ.70,15792,115.66,1
MS 03 WS 03 HV Pole - 2535,201,Boq,KDHVP.7a,15181,119.89,1
MS 03 WS 03 HV Pole - 2535,202,Boq,KDHVP.7a,0,1717.00,1
MS 03 WS 04 HV Pole - 372536,203,Boq,KDHVMR.22,14907,10.50,1
MS 03 WS 04 HV Pole - 372536,204,Boq,KDHVMR.23,14908,2.15,1
MS 03 WS 05 HV Pole - 2537,205,Boq,KDHVMR.20,14905,5.28,2
MS 03 WS 06 HV Pole - 2538,206,Boq,KDHVMR.20,14905,5.28,2
MS 03 WS 06 HV Pole - 2538,207,Boq,KDHVR.1,0,0.00,1
MS 03 WS 07 HV Pole - 2539,208,Boq,KDHVMR.20,14905,5.28,2
MS 03 WS 07 HV Pole - 2539,209,Boq,KDHVMR.21,14906,3.59,1
MS 03 WS 07 HV Pole - 2539,210,Boq,KDHVMR.22,0,0.00,1
MS 03 WS 07 HV Pole - 2539,211,Boq,KDHVMR.26,14911,30.50,1
MS 03 WS 07 HV Pole - 2539,212,Boq,KDHVMR.28a,0,0.00,1
MS 03 WS 07 HV Pole - 2539,213,Boq,KDHVMR.30,14928,80.13,1
MS 03 WS 08 HV Pole - 2554,214,Boq,KDHVMR.21,14906,3.59,1
MS 03 WS 08 HV Pole - 2554,215,Boq,KDHVMR.28a,0,0.00,2
MS 03 WS 08 HV Pole - 2554,216,Boq,KDHVMR.30,14928,80.13,1
MS 03 WS 09 HV Pole - 2559,217,Boq,KDHVMR.20,14905,5.28,2
MS 03 WS 10 HV Pole - 2560,218,Boq,KDHVMR.20,14905,5.28,2
MS 03 WS 10 HV Pole - 2560,219,Boq,KDHVMR.21,14906,3.59,1
MS 03 WS 11 HV Pole - 2561,220,Boq,KDHVMR.20,14905,5.28,2
MS 03 WS 11 HV Pole - 2561,221,Boq,KDHVMR.21,14906,3.59,1
MS 03 WS 12 HV Pole - 2562,222,Boq,KDHVN.10a,15035,109.61,1
MS 03 WS 12 HV Pole - 2562,223,Boq,KDHVN.23a,15049,246.86,1
MS 03 WS 12 HV Pole - 2562,224,Boq,KDHVN.23a,0,427.11,1
MS 03 WS 12 HV Pole - 2562,225,Boq,KDHVR.70,15244,67.53,1
MS 03 WS 13 HV Pole - 2564,226,Boq,KDCLR.12.1.6,0,0.00,0.25
MS 03 WS 13 HV Pole - 2564,227,Boq,KDGDO.32,0,0.00,1
MS 03 WS 13 HV Pole - 2564,228,Boq,KDHVR.74,0,0.00,1
MS 03 WS 14 HV Pole - 2566,229,Boq,KDHVN.23a,15049,246.86,1
MS 03 WS 14 HV Pole - 2566,230,Boq,KDHVN.23a,0,305.65,1
MS 03 WS 15 HV Pole - 2567,231,Boq,KDHVMR.28,14913,0.02,2
MS 03 WS 16 HV Pole - 2569,232,Boq,KDHVMR.28,14913,0.02,2
MS 03 WS 17 HV Pole - 2574,233,Boq,KDHVMR.20,14905,5.28,2
MS 03 WS 17 HV Pole - 2574,234,Boq,KDHVMR.28a,0,0.00,2
MS 03 WS 18 HV Pole - 2575,235,Boq,KDHVMR.20,14905,5.28,2
MS 03 WS 18 HV Pole - 2575,236,Boq,KDHVMR.32,14931,20.10,1
MS 03 WS 18 HV Pole - 2575,237,Boq,KDHVMR.50,14962,4.40,4
MS 03 WS 19 HV Pole - 2576,238,Boq,KDHVMR.20,14905,5.28,2
MS 03 WS 20 HV Pole - 2577,239,Boq,KDHVMR.20,14905,5.28,2
MS 03 WS 21 HV Pole - 372578,240,Boq,KDHVMR.28a,0,0.00,1
MS 03 WS 22 HV Pole - 2579,241,Boq,KDHVMR.20,14905,5.28,2
MS 03 WS 23 HV Pole - 2593,242,Boq,KDGDO.32,0,0.00,1
MS 03 WS 23 HV Pole - 2593,243,Boq,KDHVMR.20,14905,5.28,2
MS 03 WS 24 HV Pole - 2594,244,Boq,KDHVMR.29.4,14924,14.42,1
MS 03 WS 24 HV Pole - 2594,245,Boq,KDHVMR.29.4,14926,12.58,1
MS 03 WS 24 HV Pole - 2594,246,Boq,KDHVMR.30,14928,80.13,1
MS 03 WS 24 HV Pole - 2594,247,Boq,KDHVN.1,14977,96.72,1
MS 03 WS 24 HV Pole - 2594,248,Boq,KDHVN.1,0,361.92,1
MS 03 WS 24 HV Pole - 2594,249,Boq,KDHVR.70,15243,40.76,1
MS 03 WS 24 HV Pole - 2594,250,Boq,KDHVRP.14,15256,39.30,1
MS 03 WS 24 HV Pole - 2594,251,Boq,KDHVP.7,0,0.00,1
MS 03 WS 25 HV Pole - 2595,252,Boq,KDHVMR.20,14905,5.28,2
MS 03 WS 26 HV Pole - 2596,253,Boq,KDHVMR.20,14905,5.28,2
MS 03 WS 27 HV Pole - 2597,254,Boq,KDGDO.32,0,0.00,1
MS 03 WS 27 HV Pole - 2597,255,Boq,KDHVMR.20,14905,5.28,2
MS 03 WS 27 HV Pole - 2597,256,Boq,KDHVMR.28a,0,0.00,1
MS 03 WS 28 HV Pole - 2598,257,Boq,KDCLR.12.1.6,0,0.00,0.25
MS 03 WS 28 HV Pole - 2598,258,Boq,KDHVMR.20,14905,5.28,2
MS 03 WS 28 HV Pole - 2598,259,Boq,KDHVMR.28a,0,0.00,1
MS 03 WS 29 HV Pole - 2599,260,Boq,KDHVMR.20,14905,5.28,2
MS 03 WS 30 HV Pole - 2600,261,Boq,KDHVMR.30,14928,80.13,1
MS 03 WS 30 HV Pole - 2600,262,Boq,KDHVN.5a,15121,118.48,1
MS 03 WS 30 HV Pole - 2600,263,Boq,KDHVN.5a,0,305.65,1
MS 03 WS 30 HV Pole - 2600,264,Boq,KDHVR.70,15243,81.53,2
MS 03 WS 30 HV Pole - 2600,265,Boq,KDHVRP.14,15256,39.30,1
MS 03 WS 30 HV Pole - 2600,266,Boq,KDHVP.7,0,0.00,1
MS 03 WS 31 HV Pole - 2601,267,Boq,KDHVMR.20,14905,5.28,2
MS 03 WS 32 HV Pole - 2602,268,Boq,KDHVMR.20,14905,5.28,2
MS 03 WS 35 HV Pole - 2606,269,Boq,KDHVMR.20,14905,5.28,2
MS 03 WS 36 HV Pole - 2607,270,Boq,KDHVMR.20,14905,5.28,2
MS 03 WS 37 HV Pole - 2608,271,Boq,KDGDO.32,0,0.00,1
MS 03 WS 37 HV Pole - 2608,272,Boq,KDHVMR.20,14905,5.28,2
MS 03 WS 37 HV Pole - 2608,273,Boq,KDHVMR.22,14907,10.50,1
MS 03 WS 37 HV Pole - 2608,274,Boq,KDHVMR.23,14908,2.15,1
MS 03 WS 37 HV Pole - 2608,275,Boq,KDHVP.1,15163,679.25,1
MS 03 WS 38 HV Pole - 2609,276,Boq,KDGDO.32,0,0.00,1
MS 03 WS 38 HV Pole - 2609,277,Boq,KDHVMR.28a,0,0.00,1
MS 03 WS 39 HV Pole - 2610,278,Boq,KDHVMR.22,14907,10.50,1
MS 03 WS 39 HV Pole - 2610,279,Boq,KDHVMR.23,14908,2.15,1
MS 03 WS 39 HV Pole - 2610,280,Boq,KDHVMR.28a,0,0.00,1
MS 03 WS 40 HV Pole - 2614,281,Boq,KDHVMR.24,14909,0.04,1
MS 03 WS 40 HV Pole - 2614,282,Boq,KDHVMR.26,14911,30.50,1
MS 03 WS 41 HV Pole - 2616,283,Boq,KDHVMR.26,14911,30.50,1
MS 03 WS 41 HV Pole - 2616,284,Boq,KDHVMR.28,14913,0.01,1
MS 03 WS 42 HV Pole - 2884,285,Boq,KDCLR.12.1.6,0,0.00,0.25
MS 03 WS 42 HV Pole - 2884,286,Boq,KDHVR.74,0,0.00,1
MS 03 WS 43 HV Pole - 6595,287,Boq,KDGDO.32,0,0.00,1
MS 03 WS 43 HV Pole - 6595,288,Boq,KDHVMR.28,14913,0.01,1
MS 03 WS 43 HV Pole - 6595,289,Boq,KDHVMR.50,14962,2.20,2
MS 03 WS 43 HV Pole - 6595,290,Boq,KDGDO.4,0,0.00,1
MS 03 WS 44 HV Pole - 6596,291,Boq,KDHVMR.20,14905,2.64,1
MS 03 WS 45 HV Pole - 6597,292,Boq,KDHVMR.20,14905,5.28,2
MS 03 WS 45 HV Pole - 6597,293,Boq,KDHVMR.21,14906,3.59,1
MS 03 WS 45 HV Pole - 6597,294,Boq,KDHVMR.22,0,0.00,1
MS 03 WS 45 HV Pole - 6597,295,Boq,KDHVMR.26,14911,30.50,1
MS 03 WS 45 HV Pole - 6597,296,Boq,KDHVMR.29.3,14920,17.16,1
MS 03 WS 45 HV Pole - 6597,297,Boq,KDHVMR.29.4,14926,25.16,2
MS 03 WS 45 HV Pole - 6597,298,Boq,KDHVMR.31,14929,11.68,2
MS 03 WS 45 HV Pole - 6597,299,Boq,KDHVMR.33,14932,57.68,2
MS 03 WS 45 HV Pole - 6597,300,Boq,KDHVR.98,15254,182.59,1
MS 03 WS 45 HV Pole - 6597,301,Boq,KDHVRP.14,15256,39.30,1
MS 03 WS 45 HV Pole - 6597,302,Boq,KDUGB.19a,0,0.00,1
MS 03 WS 45 HV Pole - 6597,303,Boq,KDUGC.9,0,0.00,3
MS 03 WS 45 HV Pole - 6597,304,Boq,KDUGJ.21,15561,61.50,1
MS 03 WS 45 HV Pole - 6597,305,Boq,KDUGJ.70,15792,115.66,1
MS 03 WS 46 HV Pole - 6598,306,Boq,KDGDO.32,0,0.00,1
MS 03 WS 46 HV Pole - 6598,307,Boq,KDHVMR.28,14913,0.01,1
MS 03 WS 46 HV Pole - 6598,308,Boq,KDHVMR.60,0,0.00,1
MS 03 WS 46 HV Pole - 6598,309,Boq,KDHVP.1,15163,679.25,1
MS 03 WS 47 HV Pole - 6600,310,Boq,KDHVMR.26,14911,30.50,1
MS 03 WS 47 HV Pole - 6600,311,Boq,KDHVMR.28,14913,0.01,1
MS 03 WS 47 HV Pole - 6600,312,Boq,KDHVMR.30,14928,80.13,1
MS 03 WS 47 HV Pole - 6600,313,Boq,KDHVN.91,15148,128.55,1
MS 03 WS 48 HV Pole - A2527,314,Boq,KDHVMR.26,14911,30.50,1
MS 03 WS 48 HV Pole - A2527,315,Boq,KDHVMR.33,14932,28.84,1
MS 03 WS 49 HV Pole - A2529,316,Boq,KDHVMR.28,14913,0.01,1
MS 04 WS 01 HV Pole - 1747,317,Boq,KDHVMR.26,14911,30.50,1
MS 04 WS 02 HV Pole - 748,318,Boq,KDHVMR.20,14905,5.28,2
MS 04 WS 03 HV Pole - 749,319,Boq,KDCLR.12.1.5,0,0.00,0.25
MS 04 WS 03 HV Pole - 749,320,Boq,KDHVMR.29.4,14927,15.78,2
MS 04 WS 03 HV Pole - 749,321,Boq,KDHVMR.33,14932,57.68,2
MS 04 WS 03 HV Pole - 749,322,Boq,KDHVP.25a,0,0.00,1
MS 04 WS 03 HV Pole - 749,323,Boq,ADMAT,0,1055.00,1
MS 04 WS 04 HV Pole - 750,324,Boq,KDHVR.1,0,0.00,1
MS 04 WS 05 HV Pole - 751,325,Boq,KDHVMR.28a,0,0.00,2
MS 05 WS 01 HV Pole - 2482,326,Boq,KDHVMR.50,14962,3.30,3
MS 05 WS 01 HV Pole - 2482,327,Boq,KDHVN.91,15147,101.40,1
MS 05 WS 02 HV Pole - 2483,328,Boq,KDHVMR.20,14905,5.28,2
MS 05 WS 03 HV Pole - 2484,329,Boq,KDHVMR.20,14905,5.28,2
MS 05 WS 04 HV Pole - 2485,330,Boq,KDCLR.12.1.6,0,0.00,0.25
MS 05 WS 04 HV Pole - 2485,331,Boq,KDHVMR.20,14905,5.28,2
MS 05 WS 04 HV Pole - 2485,332,Boq,KDHVMR.28,14913,0.01,1
MS 05 WS 05 HV Pole - 2486,333,Boq,KDHVMR.20,14905,5.28,2
MS 05 WS 05 HV Pole - 2486,334,Boq,KDHVMR.28a,0,0.00,1
MS 05 WS 06 HV Pole - 2493,335,Boq,KDHVMR.20,14905,5.28,2
MS 05 WS 06 HV Pole - 2493,336,Boq,KDHVMR.28a,0,0.00,2
MS 05 WS 07 HV Pole - 2495,337,Boq,KDHVMR.20,14905,5.28,2
MS 05 WS 08 HV Pole - 2496,338,Boq,KDHVMR.20,14905,2.64,1
MS 05 WS 08 HV Pole - 2496,339,Boq,KDHVMR.26,14911,30.50,1
MS 05 WS 08 HV Pole - 2496,340,Boq,KDHVMR.28a,0,0.00,2
MS 05 WS 08 HV Pole - 2496,341,Boq,KDHVMR.30,14928,160.26,2
MS 05 WS 09 HV Pole - 4929,342,Boq,KDHVMR.20,14905,5.28,2
MS 05 WS 10 HV Pole - 4930,343,Boq,KDHVMR.20,14905,5.28,2
MS 05 WS 11 HV Pole - 4931,344,Boq,KDHVMR.20,14905,5.28,2
MS 05 WS 11 HV Pole - 4931,345,Boq,KDHVMR.28,14913,0.02,2
MS 05 WS 12 HV Pole - 4932,346,Boq,KDHVMR.20,14905,5.28,2
MS 05 WS 13 HV Pole - 4933,347,Boq,KDHVMR.21,14906,3.59,1
MS 05 WS 13 HV Pole - 4933,348,Boq,KDHVMR.28a,0,0.00,2
MS 05 WS 14 HV Pole - 4993,349,Boq,KDHVMR.20,14905,5.28,2
MS 05 WS 14 HV Pole - 4993,350,Boq,KDHVMR.21,14906,3.59,1
MS 05 WS 14 HV Pole - 4993,351,Boq,KDHVMR.22,14907,10.50,1
MS 05 WS 14 HV Pole - 4993,352,Boq,KDHVMR.23,14908,2.15,1
MS 05 WS 14 HV Pole - 4993,353,Boq,KDHVMR.26,14911,30.50,1
MS 05 WS 14 HV Pole - 4993,354,Boq,KDHVMR.28a,0,0.00,1
MS 05 WS 14 HV Pole - 4993,355,Boq,KDHVR.98,15254,182.59,1
MS 05 WS 14 HV Pole - 4993,356,Boq,KDUGB.19a,0,0.00,1
MS 05 WS 14 HV Pole - 4993,357,Boq,KDUGC.9,0,0.00,3
MS 05 WS 14 HV Pole - 4993,358,Boq,KDUGJ.21,15561,61.50,1
MS 05 WS 14 HV Pole - 4993,359,Boq,KDUGJ.70,15792,115.66,1
MS 05 WS 15 HV Pole - 4995,360,Boq,KDHVN.25a,15059,187.03,1
MS 05 WS 15 HV Pole - 4995,361,Boq,KDHVN.25a,0,163.08,1
MS 05 WS 15 HV Pole - 4995,362,Boq,KDHVP.2,15173,939.04,1
MS 05 WS 16 HV Pole - 6534,363,Boq,KDHVMR.20,14905,5.28,2
MS 05 WS 16 HV Pole - 6534,364,Boq,KDHVR.57,15223,179.93,1
MS 05 WS 16 HV Pole - 6534,365,Boq,KDHVMR.22,14907,10.50,1
MS 05 WS 16 HV Pole - 6534,366,Boq,KDHVMR.23,14908,2.15,1
MS 05 WS 16 HV Pole - 6534,367,Boq,KDHVP.2,15173,939.18,1
MS 05 WS 17 HV Pole - 6535,368,Boq,KDHVMR.20,14905,10.56,4
MS 05 WS 17 HV Pole - 6535,369,Boq,KDHVMR.28a,0,0.00,2
MS 05 WS 18 HV Pole - 6538,370,Boq,KDHVMR.20,14905,5.28,2
MS 05 WS 19 HV Pole - 6539,371,Boq,KDHVMR.20,14905,5.28,2
MS 05 WS 20 HV Pole - 6540,372,Boq,KDHVMR.20,14905,5.28,2
MS 05 WS 21 HV Pole - 6541,373,Boq,KDHVMR.28,14913,0.03,3
MS 05 WS 21 HV Pole - 6541,374,Boq,KDHVRP.25,0,0.00,3
MS 06 WS 01 HV Pole - 2078,375,Boq,KDHVMR.28a,0,0.00,1
MS 06 WS 02 HV Pole - 2079,376,Boq,KDHVMR.28a,0,0.00,1
MS 06 WS 03 HV Pole - 2080,377,Boq,KDHVN.25a,15059,187.03,1
MS 06 WS 03 HV Pole - 2080,378,Boq,KDHVN.25a,0,305.65,1
MS 06 WS 03 HV Pole - 2080,379,Boq,KDHVR.70,15243,40.76,1
MS 06 WS 04 HV Pole - 2081,380,Boq,KDCLR.12.1.6,0,0.00,0.25
MS 06 WS 04 HV Pole - 2081,381,Boq,KDHVMR.21,14906,3.59,1
MS 06 WS 04 HV Pole - 2081,382,Boq,KDHVMR.26,14911,30.50,1
MS 06 WS 04 HV Pole - 2081,383,Boq,KDHVMR.28a,0,0.00,1
MS 06 WS 05 HV Pole - 2082,384,Boq,KDHVMR.17,14903,34.32,1
MS 06 WS 05 HV Pole - 2082,385,Boq,KDHVMR.26,14911,30.50,1
MS 06 WS 05 HV Pole - 2082,386,Boq,KDHVMR.28a,0,0.00,1
MS 06 WS 05 HV Pole - 2082,387,Boq,KDHVMR.29.3,14920,17.16,1
MS 06 WS 05 HV Pole - 2082,388,Boq,KDHVMR.29.4,14924,14.42,1
MS 06 WS 05 HV Pole - 2082,389,Boq,KDHVMR.31,14929,5.84,1
MS 06 WS 05 HV Pole - 2082,390,Boq,KDHVMR.33,14932,28.84,1
MS 06 WS 06 HV Pole - 2084,391,Boq,KDHVMR.28a,0,0.00,1
MS 06 WS 07 HV Pole - 2086,392,Boq,KDHVN.23,15044,107.76,1
MS 06 WS 07 HV Pole - 2086,393,Boq,KDHVN.23,0,190.77,1
MS 06 WS 08 HV Pole - 2087,394,Boq,KDHVMR.17,14903,68.64,2
MS 06 WS 08 HV Pole - 2087,395,Boq,KDHVMR.20,14905,5.28,2
MS 06 WS 08 HV Pole - 2087,396,Boq,KDHVMR.21,14906,3.59,1
MS 06 WS 08 HV Pole - 2087,397,Boq,KDHVMR.22,0,0.00,1
MS 06 WS 08 HV Pole - 2087,398,Boq,KDHVMR.26,14911,30.50,1
MS 06 WS 08 HV Pole - 2087,399,Boq,KDHVMR.28a,0,0.00,1
MS 06 WS 08 HV Pole - 2087,400,Boq,KDHVMR.29.3,14919,27.22,2
MS 06 WS 08 HV Pole - 2087,401,Boq,KDHVMR.29.4,14926,25.16,2
MS 06 WS 08 HV Pole - 2087,402,Boq,KDHVMR.31,14929,5.84,1
MS 06 WS 08 HV Pole - 2087,403,Boq,KDHVMR.33,14932,57.68,2
MS 06 WS 09 HV Pole - 2088,404,Boq,KDHVMR.28a,0,0.00,1
MS 06 WS 09 HV Pole - 2088,405,Boq,KDHVMR.29.2,14914,0.02,1
MS 06 WS 10 HV Pole - 2089,406,Boq,KDHVMR.30,14928,80.13,1
MS 06 WS 10 HV Pole - 2089,407,Boq,KDHVN.23,15044,107.76,1
MS 06 WS 10 HV Pole - 2089,408,Boq,KDHVN.23,0,305.65,1
MS 06 WS 10 HV Pole - 2089,409,Boq,KDHVN.33a,15105,124.41,1
MS 06 WS 10 HV Pole - 2089,410,Boq,KDHVR.70,15243,40.76,1
MS 06 WS 11 HV Pole - 2090,411,Boq,KDGDO.32,0,0.00,1
MS 06 WS 11 HV Pole - 2090,412,Boq,KDHVMR.28a,0,0.00,1
MS 06 WS 12 HV Pole - 2091,413,Boq,KDHVN.23,15044,107.76,1
MS 06 WS 12 HV Pole - 2091,414,Boq,KDHVN.23,0,163.08,1
MS 06 WS 13 HV Pole - 2092,415,Boq,KDHVMR.26,14911,30.50,1
MS 06 WS 13 HV Pole - 2092,416,Boq,KDHVMR.30,14928,80.13,1
MS 06 WS 13 HV Pole - 2092,417,Boq,KDHVN.25a,15059,187.03,1
MS 06 WS 13 HV Pole - 2092,418,Boq,KDHVN.25a,0,190.77,1
MS 06 WS 13 HV Pole - 2092,419,Boq,KDHVP.2,15173,939.04,1
MS 06 WS 14 HV Pole - 2094,420,Boq,KDHVMR.30,14928,80.13,1
MS 06 WS 14 HV Pole - 2094,421,Boq,KDHVN.5a,15121,118.48,1
MS 06 WS 14 HV Pole - 2094,422,Boq,KDHVN.5a,0,305.65,1
MS 06 WS 14 HV Pole - 2094,423,Boq,KDHVN.9,15146,291.97,1
MS 06 WS 14 HV Pole - 2094,424,Boq,KDHVN.9,0,251.43,1
MS 06 WS 14 HV Pole - 2094,425,Boq,KDHVR.70,15243,40.76,1
MS 06 WS 14 HV Pole - 2094,426,Boq,KDHVRP.14,15256,39.30,1
MS 06 WS 14 HV Pole - 2094,427,Boq,KDHVP.7,0,0.00,1
MS 06 WS 15 HV Pole - 2945,428,Boq,KDGDO.32,0,0.00,1
MS 06 WS 15 HV Pole - 2945,429,Boq,KDHVMR.28a,0,0.00,1
MS 06 WS 16 HV Pole - 2947,430,Boq,KDGVC.47,0,0.00,1
MS 06 WS 16 HV Pole - 2947,431,Boq,KDHVMR.22,14907,10.50,1
MS 06 WS 16 HV Pole - 2947,432,Boq,KDHVMR.23,14908,2.15,1
MS 06 WS 16 HV Pole - 2947,433,Boq,KDHVMR.24,14909,0.04,1
MS 06 WS 16 HV Pole - 2947,434,Boq,KDHVMR.26,14911,30.50,1
MS 06 WS 17 HV Pole - 2948,435,Boq,KDHVMR.28a,0,0.00,1
MS 06 WS 17 HV Pole - 2948,436,Boq,KDHVMR.29.2,14914,0.02,1
MS 06 WS 18 HV Pole - 2949,437,Boq,KDHVMR.28a,0,0.00,1
MS 06 WS 19 HV Pole - 2953,438,Boq,KDHVMR.28a,0,0.00,1
MS 06 WS 19 HV Pole - 2953,439,Boq,KDHVRP.25,0,0.00,1
MS 06 WS 20 HV Pole - 2954,440,Boq,KDHVN.23,15044,107.76,1
MS 06 WS 20 HV Pole - 2954,441,Boq,KDHVN.23,0,163.08,1
MS 06 WS 21 HV Pole - 2955,442,Boq,KDHVN.23,15044,107.76,1
MS 06 WS 21 HV Pole - 2955,443,Boq,KDHVN.23,0,231.81,1
MS 06 WS 22 HV Pole - 2957,444,Boq,KDHVMR.28a,0,0.00,1
MS 06 WS 23 HV Pole - 31012958,445,Boq,KDHVMR.28a,0,0.00,1
MS 06 WS 24 HV Pole - 3190,446,Boq,KDHVMR.24,14909,0.04,1
MS 06 WS 25 HV Pole - 3191,447,Boq,KDCLR.12.1.5,0,0.00,4
MS 06 WS 25 HV Pole - 3191,448,Boq,KDHVMR.17,14903,34.32,1
MS 06 WS 25 HV Pole - 3191,449,Boq,KDHVMR.20,14905,5.28,2
MS 06 WS 25 HV Pole - 3191,450,Boq,KDHVMR.21,14906,3.59,1
MS 06 WS 25 HV Pole - 3191,451,Boq,KDHVMR.22,0,0.00,1
MS 06 WS 25 HV Pole - 3191,452,Boq,KDHVMR.26,14911,30.50,1
MS 06 WS 25 HV Pole - 3191,453,Boq,KDHVMR.29.3,14920,17.16,1
MS 06 WS 25 HV Pole - 3191,454,Boq,KDHVMR.29.4,14924,14.42,1
MS 06 WS 25 HV Pole - 3191,455,Boq,KDHVMR.31,14929,5.84,1
MS 06 WS 25 HV Pole - 3191,456,Boq,KDHVMR.33,14932,28.84,1
MS 06 WS 25 HV Pole - 3191,457,Boq,KDHVP.25a,0,0.00,1
MS 06 WS 25 HV Pole - 3191,458,Boq,ADMAT,0,1055.00,1
MS 06 WS 26 HV Pole - 4955,459,Boq,KDHVMR.28a,0,0.00,1
MS 06 WS 27 HV Pole - 4957,460,Boq,KDHVMR.28,14913,0.01,1
MS 06 WS 28 HV Pole - 551,461,Boq,KDHVN.23,15045,109.44,1
MS 06 WS 28 HV Pole - 551,462,Boq,KDHVN.23,0,305.65,1
MS 06 WS 28 HV Pole - 551,463,Boq,KDHVN.33a,15106,128.25,1
MS 06 WS 28 HV Pole - 551,464,Boq,KDHVN.91,15147,101.40,1
MS 06 WS 28 HV Pole - 551,465,Boq,KDGDO.4,0,0.00,1
MS 06 WS 29 HV Pole - 552,466,Boq,KDGDO.32,0,0.00,1
MS 06 WS 29 HV Pole - 552,467,Boq,KDHVMR.28,14913,0.02,2
MS 06 WS 30 HV Pole - 553,468,Boq,KDHVMR.24,14909,0.04,1
MS 06 WS 30 HV Pole - 553,469,Boq,KDHVMR.26,14911,30.50,1
MS 06 WS 30 HV Pole - 553,470,Boq,KDHVN.91,15147,202.81,2
MS 06 WS 31 HV Pole - 554,471,Boq,KDHVMR.20,14905,5.28,2
MS 06 WS 31 HV Pole - 554,472,Boq,KDHVMR.24,14909,0.04,1
MS 06 WS 31 HV Pole - 554,473,Boq,KDHVMR.26,14911,30.50,1
MS 06 WS 32 HV pole - 555,474,Boq,KDHVR.1,0,0.00,1
MS 06 WS 33 HV Pole - 1556,475,Boq,KDHVMR.26,14911,30.50,1
MS 06 WS 33 HV Pole - 1556,476,Boq,KDHVMR.28,14913,0.02,2
MS 06 WS 33 HV Pole - 1556,477,Boq,KDHVMR.23,14908,2.15,1
MS 06 WS 33 HV Pole - 1556,478,Boq,KDHVR.1,0,0.00,1
MS 06 WS 33 HV Pole - 1556,479,Boq,KDGVC.46,0,0.00,1
MS 06 WS 34 HV Pole - 633,480,Boq,KDGDO.32,0,0.00,1
MS 06 WS 34 HV Pole - 633,481,Boq,KDHVMR.28a,0,0.00,2
MS 06 WS 35 HV Pole - 634,482,Boq,KDCLR.12.1.6,0,0.00,0.25
MS 06 WS 35 HV Pole - 634,483,Boq,KDHVMR.28a,0,0.00,1
MS 06 WS 36 HV Pole - 635,484,Boq,KDHVMR.20,14905,5.28,2
MS 06 WS 37 HV Pole - 636,485,Boq,KDHVMR.20,14905,5.28,2
MS 06 WS 38 HV Pole - 637,486,Boq,KDHVMR.30,14928,160.26,2
MS 06 WS 38 HV Pole - 637,487,Boq,KDHVN.23,15045,109.44,1
MS 06 WS 38 HV Pole - 637,488,Boq,KDHVN.23,0,190.77,1
MS 06 WS 38 HV Pole - 637,489,Boq,KDHVN.9,15146,291.97,1
MS 06 WS 38 HV Pole - 637,490,Boq,KDHVN.9,0,163.08,1
MS 06 WS 38 HV Pole - 637,491,Boq,KDHVP.9,0,0.00,1
MS 06 WS 38 HV Pole - 637,492,Boq,KDHVRP.15,15258,108.05,1
MS 06 WS 38 HV Pole - 637,493,Boq,KDLVR.22a,15326,267.20,1
MS 06 WS 39 HV Pole - 638,494,Boq,KDHVMR.50,14962,7.70,7
MS 06 WS 39 HV Pole - 638,495,Boq,KDHVN.91,15147,101.40,1
MS 06 WS 40 HV Pole - 641,496,Boq,KDHVMR.17,14903,34.32,1
MS 06 WS 40 HV Pole - 641,497,Boq,KDHVMR.21,14906,3.59,1
MS 06 WS 40 HV Pole - 641,498,Boq,KDHVMR.26,14911,30.50,1
MS 06 WS 40 HV Pole - 641,499,Boq,KDHVMR.28a,0,0.00,1
MS 06 WS 40 HV Pole - 641,500,Boq,KDHVMR.29.3,14919,13.61,1
MS 06 WS 40 HV Pole - 641,501,Boq,KDHVMR.30,14928,160.26,2
MS 06 WS 41 HV Pole - 642,502,Boq,KDHVN.23,15045,109.44,1
MS 06 WS 41 HV Pole - 642,503,Boq,KDHVN.23,0,305.65,1
MS 06 WS 41 HV Pole - 642,504,Boq,KDHVR.70,15243,40.76,1
MS 06 WS 42 HV Pole - 643,505,Boq,KDHVMR.26,14911,30.50,1
MS 06 WS 42 HV Pole - 643,506,Boq,KDHVMR.28,14913,0.01,1
MS 06 WS 42 HV Pole - 643,507,Boq,KDHVMR.33,14932,28.84,1
MS 06 WS 43 HV Pole - 6436,508,Boq,KDHVMR.24,14909,0.04,1
MS 06 WS 43 HV Pole - 6436,509,Boq,KDHVMR.26,14911,30.50,1
MS 06 WS 43 HV Pole - 6436,510,Boq,KDHVR.1,0,0.00,1
MS 06 WS 44 HV Pole - 6437,511,Boq,KDHVMR.24,14909,0.04,1
MS 06 WS 44 HV Pole - 6437,512,Boq,KDHVMR.26,14911,30.50,1
MS 06 WS 44 HV Pole - 6437,513,Boq,KDHVMR.28a,0,0.00,1
MS 06 WS 44 HV Pole - 6437,514,Boq,KDHVR.1,0,0.00,1
MS 06 WS 45 HV Pole - 6438,515,Boq,KDHVMR.28,14913,0.01,1
MS 06 WS 45 HV Pole - 6438,516,Boq,KDHVMR.30,14928,80.13,1
MS 06 WS 45 HV Pole - 6438,517,Boq,KDHVP.14,0,0.00,1
MS 06 WS 45 HV Pole - 6438,518,Boq,KDHVRP.15,15258,108.05,1
MS 06 WS 46 HV Pole - 645,519,Boq,KDHVR.1,0,0.00,1
MS 06 WS 47 HV Pole - 646,520,Boq,KDGDO.32,0,0.00,1
MS 06 WS 47 HV Pole - 646,521,Boq,KDHVMR.28a,0,0.00,2
MS 06 WS 48 HV Pole - 647,522,Boq,KDGDO.32,0,0.00,1
MS 06 WS 48 HV Pole - 647,523,Boq,KDHVN.91,15147,101.40,1
MS 06 WS 48 HV Pole - 647,524,Boq,KDGDO.4,0,0.00,1
MS 06 WS 49 HV Pole - 6592,525,Boq,KDHVMR.22,14907,10.50,1
MS 06 WS 49 HV Pole - 6592,526,Boq,KDHVMR.23,14908,2.15,1
MS 06 WS 50 HV Pole - 6594,527,Boq,KDHVMR.28,14913,0.02,2
MS 06 WS 51 HV Pole - 812,528,Boq,KDHVMR.20,14905,5.28,2
MS 06 WS 51 HV Pole - 812,529,Boq,KDHVMR.21,14906,3.59,1
MS 06 WS 51 HV Pole - 812,530,Boq,KDHVMR.27,14912,61.00,1
MS 06 WS 51 HV Pole - 812,531,Boq,KDHVMR.28,14913,0.01,1
MS 06 WS 51 HV Pole - 812,532,Boq,KDHVMR.29.3,14920,17.16,1
MS 06 WS 51 HV Pole - 812,533,Boq,KDHVMR.29.3,14918,8.65,1
MS 06 WS 51 HV Pole - 812,534,Boq,KDHVMR.29.4,14924,43.26,3
MS 06 WS 51 HV Pole - 812,535,Boq,KDHVMR.29.4,14927,7.89,1
MS 06 WS 51 HV Pole - 812,536,Boq,KDHVMR.33,14932,28.84,1
MS 06 WS 51 HV Pole - 812,537,Boq,KDHVMR.50,14962,7.70,7
MS 06 WS 51 HV Pole - 812,538,Boq,KDHVRP.15,15258,108.05,1
MS 06 WS 52 HV Pole - A548,539,Boq,KDHVMR.27,14912,61.00,1
MS 06 WS 52 HV Pole - A548,540,Boq,KDHVMR.28,14913,0.02,2
MS 06 WS 53 HV Pole - C649,541,Boq,KDHVMR.24,14909,0.04,1
MS 06 WS 53 HV Pole - C649,542,Boq,KDHVMR.26,14911,30.50,1
MS 06 WS 53 HV Pole - C649,543,Boq,KDHVMR.22,14907,10.50,1
MS 06 WS 53 HV Pole - C649,544,Boq,KDHVMR.23,14908,2.15,1
MS 07 WS 01 HV Pole - 3189,545,Boq,KDGDO.4,0,0.00,1
MS 07 WS 01 HV Pole - 3189,546,Boq,KDHVN.27,15065,285.58,1
MS 07 WS 01 HV Pole - 3189,547,Boq,KDHVN.27,0,251.43,1
MS 07 WS 01 HV Pole - 3189,548,Boq,KDHVR.70,15244,135.07,2
MS 07 WS 01 HV Pole - 3189,549,Boq,KDHVMR.24,14909,0.04,1
MS 07 WS 01 HV Pole - 3189,550,Boq,KDHVMR.26,14911,30.50,1
MS 07 WS 01 HV Pole - 3189,551,Boq,KDHVMR.30,14928,80.90,1
MS 07 WS 01 HV Pole - 3189,552,Boq,KDUGJ.31,15693,350.41,1
MS 07 WS 01 HV Pole - 3189,553,Boq,KDUGJ.73,15798,335.14,1
MS 07 WS 01 HV Pole - 3189,554,Boq,KDHVR.97,15253,365.15,1
MS 07 WS 01 HV Pole - 3189,555,Boq,KDUGB.30a,0,0.00,1
MS 07 WS 01 HV Pole - 3189,556,Boq,KDUGC.22,15910,14.35,3
MS 07 WS 02 HV Pole - 3189A,557,Boq,KDHVMR.17,14903,34.32,1
MS 07 WS 02 HV Pole - 3189A,558,Boq,KDHVMR.21,14906,3.59,1
MS 07 WS 02 HV Pole - 3189A,559,Boq,KDHVMR.29.3,14919,13.61,1
MS 07 WS 02 HV Pole - 3189A,560,Boq,KDHVMR.29.4,14926,25.16,2
MS 07 WS 02 HV Pole - 3189A,561,Boq,KDHVMR.33,14932,57.68,2
MS 08 WS 01 LV Pole - AL2596,562,Boq,KDGDO.32,0,0.00,1
MS 08 WS 01 LV Pole - AL2596,563,Boq,KDHVMR.28a,0,0.00,1
MS 08 WS 02 LV Pole - AL2599,564,Boq,KDLVOWR.1,15293,23.31,1
MS 08 WS 02 LV Pole - AL2599,565,Boq,KDLVOWR.1,0,163.08,1
MS 08 WS 03 LV Pole - AL2600,566,Boq,KDGDO.32,0,0.00,1
MS 08 WS 04 LV Pole - AL2604,567,Boq,KDGDO.32,0,0.00,1
MS 09 WS 01 LV Pole - AL2528,568,Boq,KDGDO.32,0,0.00,1
MS 09 WS 01 LV Pole - AL2528,569,Boq,KDHVMR.20,14905,5.28,2
MS 09 WS 01 LV Pole - AL2528,570,Boq,KDLVR.9,0,0.00,1
MS 09 WS 01 LV Pole - AL2528,571,Boq,KDLVR.9,0,211.75,55
MS 09 WS 01 LV Pole - AL2528,572,Boq,NSMAT,0,0.76,2
MS 09 WS 01 LV Pole - AL2528,573,Boq,NSMAT,0,8.08,2
MS 09 WS 01 LV Pole - AL2528,574,Boq,NSMAT,0,3.58,1
MS 09 WS 01 LV Pole - AL2528,575,Boq,NSMAT,0,8.56,4
MS 09 WS 02 LV Pole - AL2529,576,Boq,KDHVMR.20,14905,5.28,2
MS 09 WS 03 LV Pole - AL2529 - 1 - ASHES FARM COTTAGE/BLACKBURN,577,Boq,KDSVO.16,15392,52.93,1
MS 09 WS 04 LV Pole - AL2530,578,Boq,KDHVR.70,15244,135.07,2
MS 09 WS 04 LV Pole - AL2530,579,Boq,KDLVR.2,15322,55.50,1
MS 09 WS 04 LV Pole - AL2530,580,Boq,KDLVR.2,0,190.77,1
MS 09 WS 04 LV Pole - AL2530,581,Boq,KDLVR.9,0,0.00,1
MS 09 WS 04 LV Pole - AL2530,582,Boq,KDLVR.9,0,69.30,18
MS 09 WS 05 LV Pole - AL2531,583,Boq,KDHVMR.20,14905,5.28,2
MS 09 WS 05 LV Pole - AL2531,584,Boq,KDHVMR.28a,0,0.00,1
MS 09 WS 05 LV Pole - AL2531,585,Boq,KDLVR.9,0,0.00,1
MS 09 WS 05 LV Pole - AL2531,586,Boq,KDLVR.9,0,111.65,29
MS 09 WS 05 LV Pole - AL2531,587,Boq,NSMAT,0,0.76,2
MS 09 WS 05 LV Pole - AL2531,588,Boq,NSMAT,0,8.08,2
MS 09 WS 05 LV Pole - AL2531,589,Boq,NSMAT,0,3.58,1
MS 09 WS 05 LV Pole - AL2531,590,Boq,NSMAT,0,8.56,4
MS 10 WS 01 LV Pole - 2578 - 1 - COPSTER GREEN/BLACKBURN,591,Boq,KDSVO.1,15378,411.24,1
MS 10 WS 02 LV Pole - 2579,592,Boq,KDHVN.91,15148,128.55,1
MS 10 WS 03 LV Pole - 2580,593,Boq,KDGDO.32,0,0.00,1
MS 10 WS 03 LV Pole - 2580,594,Boq,KDHVMR.21,14906,3.59,1
MS 10 WS 04 LV Pole - 2586,595,Boq,KDGDO.32,0,0.00,1
MS 10 WS 04 LV Pole - 2586,596,Boq,KDHVMR.21,14906,3.59,1
MS 10 WS 04 LV Pole - 2586,597,Boq,KDHVN.91,15148,128.55,1
MS 10 WS 05 LV Pole - 2587,598,Boq,KDGDO.32,0,0.00,1
MS 10 WS 05 LV Pole - 2587,599,Boq,KDHVMR.21,14906,3.59,1
MS 10 WS 06 LV Pole - 2588,600,Boq,KDHVMR.21,14906,3.59,1
MS 10 WS 07 LV Pole - 2589,601,Boq,KDHVMR.21,14906,3.59,1
MS 10 WS 08 LV Pole - AL4017,602,Boq,KDHVMR.20,14905,2.64,1
MS 10 WS 08 LV Pole - AL4017,603,Boq,KDHVMR.21,14906,3.59,1
MS 10 WS 09 LV Pole - AL4017 - 1 - OAKDALE,604,Boq,KDSVO.16,15392,52.93,1
MS 10 WS 09 LV Pole - AL4017 - 1 - OAKDALE,605,Boq,NSMAT,0,32.60,1
MS 10 WS 09 LV Pole - AL4017 - 1 - OAKDALE,606,Boq,NSMAT,0,0.41,0.03
MS 11 WS 01 LV Pole - AL2605,607,Boq,KDHVMR.17,14903,34.32,1
MS 11 WS 01 LV Pole - AL2605,608,Boq,KDHVMR.20,14905,5.28,2
MS 11 WS 01 LV Pole - AL2605,609,Boq,KDHVR.98,15254,182.59,1
MS 11 WS 01 LV Pole - AL2605,610,Boq,KDSVO.18a,15420,42.60,1
MS 11 WS 01 LV Pole - AL2605,611,Boq,KDUGB.19a,0,0.00,1
MS 11 WS 01 LV Pole - AL2605,612,Boq,KDUGC.9,0,0.00,3
MS 11 WS 01 LV Pole - AL2605,613,Boq,KDUGJ.21,15561,61.50,1
MS 11 WS 01 LV Pole - AL2605,614,Boq,KDUGJ.70,15792,115.66,1
MS 11 WS 01 LV Pole - AL2605,615,Boq,KDGDO.1,0,0.00,1
MS 11 WS 01 LV Pole - AL2605,616,Boq,KDUGC.9,15984,87.67,27
MS 11 WS 01 LV Pole - AL2605,617,Boq,ADMAT,0,196.50,30
MS 11 WS 01 LV Pole - AL2605,618,Boq,KDCLR.12.1.1,0,0.00,4
MS 11 WS 01 LV Pole - AL2605,619,Boq,KDUGB.19a,0,0.00,1
MS 11 WS 01 LV Pole - AL2605,620,Boq,KDUGJ.22,15603,62.24,1
MS 11 WS 01 LV Pole - AL2605,621,Boq,KDHVMR.30,14928,80.13,1
MS 11 WS 01 LV Pole - AL2605,622,Boq,KDHVR.1,0,0.00,1
MS 11 WS 02 LV Pole - AL2605 - 1 - SYKES COTT/LANGHO,623,Boq,KDSVO.11,15384,24.07,1
MS 11 WS 02 LV Pole - AL2605 - 1 - SYKES COTT/LANGHO,624,Boq,KDSVO.16,15392,52.93,1
MS 11 WS 02 LV Pole - AL2605 - 1 - SYKES COTT/LANGHO,625,Boq,KDSVO.29,15459,4.62,1
MS 11 WS 03 LV Pole - AL2606,626,Boq,KDGDO.32,0,0.00,1
MS 11 WS 03 LV Pole - AL2606,627,Boq,KDHVMR.20,14905,5.28,2
MS 11 WS 03 LV Pole - AL2606,628,Boq,KDHVMR.28,14913,0.01,1
MS 11 WS 04 LV Pole - AL2607,629,Boq,KDGDO.32,0,0.00,1
MS 11 WS 04 LV Pole - AL2607,630,Boq,KDHVMR.17,14903,34.32,1
MS 11 WS 04 LV Pole - AL2607,631,Boq,KDHVMR.29.3,14919,13.61,1
MS 11 WS 04 LV Pole - AL2607,632,Boq,KDHVR.70,15244,67.53,1
MS 11 WS 05 LV Pole - AL2608,633,Boq,KDGDO.32,0,0.00,1
MS 11 WS 05 LV Pole - AL2608,634,Boq,KDHVMR.28,14913,0.01,1
MS 11 WS 05 LV Pole - AL2608,635,Boq,KDLVR.9,0,0.00,1
MS 11 WS 05 LV Pole - AL2608,636,Boq,KDLVR.9,0,96.25,25
MS 11 WS 05 LV Pole - AL2608,637,Boq,NSMAT,0,0.76,2
MS 11 WS 05 LV Pole - AL2608,638,Boq,NSMAT,0,4.04,1
MS 11 WS 05 LV Pole - AL2608,639,Boq,NSMAT,0,7.00,2
MS 11 WS 05 LV Pole - AL2608,640,Boq,NSMAT,0,0.81,3
MS 11 WS 06 LV Pole - AL2608 - 2 - GARAGE WHEATLEY FARM/LANGHO,641,Boq,KDSVO.16,0,0.00,1
MS 11 WS 06 LV Pole - AL2608 - 2 - GARAGE WHEATLEY FARM/LANGHO,642,Boq,NSMAT,0,31.74,1
MS 11 WS 06 LV Pole - AL2608 - 2 - GARAGE WHEATLEY FARM/LANGHO,643,Boq,NSMAT,0,0.41,0.03
MS 12 WS 01 LV Pole - 2613,644,Boq,KDHVMR.28,14913,0.01,1
MS 12 WS 02 LV Pole - AL2609,645,Boq,KDGDO.32,0,0.00,1
MS 12 WS 02 LV Pole - AL2609,646,Boq,KDHVMR.28,14913,0.02,2
MS 12 WS 03 LV Pole - AL2610,647,Boq,KDHVR.70,15244,67.53,1
MS 12 WS 03 LV Pole - AL2610,648,Boq,KDLVOWR.2,15302,58.67,1
MS 12 WS 03 LV Pole - AL2610,649,Boq,KDLVOWR.2,0,163.08,1
MS 12 WS 04 LV Pole - AL2612,650,Boq,KDHVMR.24,14909,0.04,1
MS 12 WS 04 LV Pole - AL2612,651,Boq,KDHVMR.26,14911,30.50,1
MS 13 WS 01 LV Pole - AL2623,652,Boq,KDHVMR.30,14928,80.13,1
MS 13 WS 01 LV Pole - AL2623,653,Boq,KDHVR.70,15244,67.53,1
MS 13 WS 01 LV Pole - AL2623,654,Boq,KDLVR.5,15351,28.69,1
MS 13 WS 01 LV Pole - AL2623,655,Boq,KDLVR.5,0,305.65,1
MS 13 WS 01 LV Pole - AL2623,656,Boq,KDSVO.18b,15430,58.80,1
MS 14 WS 01 LV Pole - 2614,657,Boq,KDGDO.32,0,0.00,1
MS 14 WS 01 LV Pole - 2614,658,Boq,KDHVMR.21,14906,3.59,1
MS 15 WS 01 LV Pole - 2618,659,Boq,KDGDO.32,0,0.00,1
MS 15 WS 02 LV Pole - AL2619,660,Boq,KDGDO.32,0,0.00,1
MS 15 WS 03 LV Pole - AL2620,661,Boq,KDGDO.32,0,0.00,1
MS 15 WS 03 LV Pole - AL2620,662,Boq,KDHVMR.20,14905,5.28,2
MS 15 WS 04 LV Pole - AL2622,663,Boq,KDGDO.32,0,0.00,1
MS 15 WS 04 LV Pole - AL2622,664,Boq,KDHVMR.28a,0,0.00,1
MS 16 WS 01 LV Pole - AL2798,665,Boq,KDGDO.32,0,0.00,1
MS 16 WS 02 LV Pole - AL2799,666,Boq,KDGDO.32,0,0.00,1
MS 16 WS 02 LV Pole - AL2799,667,Boq,KDHVMR.28,14913,0.01,1
MS 16 WS 02 LV Pole - AL2799,668,Boq,KDHVMR.30,14928,80.13,1
MS 17 WS 01 LV Pole - AL2777,669,Boq,KDHVMR.30,14928,80.13,1
MS 17 WS 01 LV Pole - AL2777,670,Boq,KDLVOWR.1,15293,23.31,1
MS 17 WS 01 LV Pole - AL2777,671,Boq,KDLVOWR.1,0,163.08,1
MS 17 WS 02 LV Pole - AL2778,672,Boq,KDHVMR.30,14928,80.13,1
MS 17 WS 02 LV Pole - AL2778,673,Boq,KDHVR.70,15243,40.76,1
MS 17 WS 02 LV Pole - AL2778,674,Boq,KDLVOWR.2,15300,50.63,1
MS 17 WS 02 LV Pole - AL2778,675,Boq,KDLVOWR.2,0,163.08,1
MS 17 WS 03 LV Pole - AL2779,676,Boq,KDGDO.32,0,0.00,1
MS 17 WS 03 LV Pole - AL2779,677,Boq,KDHVMR.28,14913,0.01,1
MS 17 WS 03 LV Pole - AL2779,678,Boq,KDHVMR.30,14928,80.13,1
MS 17 WS 04 LV Pole - AL2779 - 1 - LITTLE SNODWORTH FARM/BLACKBUR,679,Boq,KDSVO.16,15392,52.93,1
MS 17 WS 05 LV Pole - AL2781,680,Boq,KDGDO.32,0,0.00,1
MS 17 WS 05 LV Pole - AL2781,681,Boq,KDHVMR.17,14903,34.32,1
MS 17 WS 05 LV Pole - AL2781,682,Boq,KDHVMR.28,14913,0.01,1
MS 18 WS 01 LV Pole - AL2782,683,Boq,KDGDO.32,0,0.00,1
MS 18 WS 01 LV Pole - AL2782,684,Boq,KDHVMR.28a,0,0.00,1
MS 19 WS 01 LV Pole - AL2783,685,Boq,KDGDO.32,0,0.00,1
MS 19 WS 01 LV Pole - AL2783,686,Boq,KDHVMR.28,14913,0.01,1
MS 20 WS 01 LV Pole - AL2795,687,Boq,KDGDO.32,0,0.00,1
MS 20 WS 02 LV Pole - AL2796,688,Boq,KDGDO.32,0,0.00,1
MS 20 WS 02 LV Pole - AL2796,689,Boq,KDHVMR.20,14905,5.28,2
MS 20 WS 02 LV Pole - AL2796,690,Boq,KDHVMR.28a,0,0.00,1
MS 21 WS 01 LV Pole - AL2784,691,Boq,KDGDO.32,0,0.00,1
MS 21 WS 02 LV Pole - AL2786,692,Boq,KDGDO.32,0,0.00,1
MS 21 WS 02 LV Pole - AL2786,693,Boq,KDHVMR.28a,0,0.00,1
MS 21 WS 03 LV Pole - AL2787,694,Boq,KDHVR.1,0,0.00,1
MS 21 WS 04 LV Pole - AL2788,695,Boq,KDGDO.32,0,0.00,1
MS 21 WS 04 LV Pole - AL2788,696,Boq,KDGVC.45,0,0.00,1
MS 22 WS 01 LV Pole - AL3957,697,Boq,KDCLR.12.1.6,0,0.00,0.25
MS 22 WS 01 LV Pole - AL3957,698,Boq,KDGDO.32,0,0.00,1
MS 22 WS 01 LV Pole - AL3957,699,Boq,KDHVMR.28,14913,0.01,1
MS 22 WS 02 LV Pole - AL3957 - 1 - VESUVIOUS/BLACKBURN,700,Boq,KDSVO.16,15392,52.93,1
MS 22 WS 02 LV Pole - AL3957 - 1 - VESUVIOUS/BLACKBURN,701,Boq,NSMAT,0,31.74,1
MS 22 WS 02 LV Pole - AL3957 - 1 - VESUVIOUS/BLACKBURN,702,Boq,NSMAT,0,0.41,0.03
MS 23 WS 01 LV Pole - AL2817,703,Boq,KDLVR.5,15351,28.69,1
MS 23 WS 01 LV Pole - AL2817,704,Boq,KDLVR.5,0,163.08,1
MS 23 WS 01 LV Pole - AL2817,705,Boq,KDHVN.91,15148,128.69,1
MS 23 WS 01 LV Pole - AL2817,706,Boq,KDLVR.22a,15326,267.11,1
MS 23 WS 01 LV Pole - AL2817,707,Boq,KDHVMR.30,14928,80.90,1
MS 23 WS 02 LV Pole - AL2817 - 2 - HIGHER SIDE BEET FM,708,Boq,KDSVO.16,15394,86.16,1
MS 24 WS 01 LV Pole - AL2818,709,Boq,KDGDO.32,0,0.00,1
MS 24 WS 01 LV Pole - AL2818,710,Boq,KDHVMR.20,14905,5.28,2
MS 24 WS 01 LV Pole - AL2818,711,Boq,KDHVMR.28,14913,0.01,1
MS 25 WS 01 LV Pole - 2832,712,Boq,KDCLR.12.1.6,0,0.00,0.25
MS 25 WS 02 LV Pole - AL2825,713,Boq,KDGDO.32,0,0.00,1
MS 25 WS 03 LV Pole - AL2826,714,Boq,KDHVMR.20,14905,5.28,2
MS 25 WS 03 LV Pole - AL2826,715,Boq,KDHVMR.70,16058,1.71,1
MS 25 WS 04 LV Pole - AL2827,716,Boq,KDHVMR.20,14905,5.28,2
MS 25 WS 05 LV Pole - AL2828,717,Boq,KDHVMR.20,14905,2.64,1
MS 25 WS 06 LV Pole - AL2829,718,Boq,KDGDO.32,0,0.00,1
MS 25 WS 06 LV Pole - AL2829,719,Boq,KDHVMR.20,14905,2.64,1
MS 25 WS 07 LV Pole - AL2831,720,Boq,KDGDO.32,0,0.00,1
MS 25 WS 07 LV Pole - AL2831,721,Boq,KDHVMR.20,14905,2.64,1
MS 25 WS 07 LV Pole - AL2831,722,Boq,KDHVMR.28,14913,0.01,1
MS 26 WS 01 LV Pole - 2834,723,Boq,KDHVMR.28a,0,0.00,1
MS 26 WS 02 LV Pole - 2834 - 1 - LORDS HOUSE FARM/BLACKBURN,724,Boq,KDSVO.16,15392,52.93,1
MS 26 WS 03 LV Pole - AL2835,725,Boq,KDLVR.1,15320,35.18,1
MS 26 WS 03 LV Pole - AL2835,726,Boq,KDLVR.1,0,163.08,1
MS 26 WS 04 LV Pole - AL2836,727,Boq,KDGDO.32,0,0.00,1
MS 26 WS 04 LV Pole - AL2836,728,Boq,KDHVMR.20,14905,5.28,2
MS 26 WS 05 LV Pole - AL2839,729,Boq,KDGDO.32,0,0.00,1
MS 26 WS 05 LV Pole - AL2839,730,Boq,KDGVC.46,0,0.00,1
MS 26 WS 05 LV Pole - AL2839,731,Boq,KDHVMR.17,14903,34.32,1
MS 26 WS 05 LV Pole - AL2839,732,Boq,KDHVMR.20,14905,5.28,2
MS 26 WS 05 LV Pole - AL2839,733,Boq,KDHVMR.28a,0,0.00,1
MS 27 WS 01 LV Pole - AL2802,734,Boq,KDHVMR.24,14909,0.04,1
MS 27 WS 01 LV Pole - AL2802,735,Boq,KDHVMR.26,14911,30.50,1
MS 27 WS 01 LV Pole - AL2802,736,Boq,KDHVR.70,15244,67.53,1
